original_file,cropped_file,face_id,prob,width,height
2025-06-14_20_22_19_836_0.jpg_compressed.JPEG,2025-06-14_20_22_19_836_0.jpg_compressed_face0.jpg,0,0.9999018907546997,160,160
2025-06-15_18_53_34_151_0.jpg_compressed.JPEG,2025-06-15_18_53_34_151_0.jpg_compressed_face0.jpg,0,0.9999606609344482,160,160
2025-06-19_19_16_02_593_0.jpg_compressed.JPEG,2025-06-19_19_16_02_593_0.jpg_compressed_face0.jpg,0,0.9999955892562866,160,160
2025-06-19_19_16_02_593_0.jpg_compressed.JPEG,2025-06-19_19_16_02_593_0.jpg_compressed_face1.jpg,1,0.9979425072669983,160,160
IMG-20230925-WA0049.jpg_compressed.JPEG,IMG-20230925-WA0049.jpg_compressed_face0.jpg,0,0.9982093572616577,160,160
IMG-20230925-WA0062.jpg_compressed.JPEG,IMG-20230925-WA0062.jpg_compressed_face0.jpg,0,0.9999998807907104,160,160
IMG-20230925-WA0062.jpg_compressed.JPEG,IMG-20230925-WA0062.jpg_compressed_face1.jpg,1,0.9931312203407288,160,160
IMG-20230925-WA0062.jpg_compressed.JPEG,IMG-20230925-WA0062.jpg_compressed_face2.jpg,2,0.9999998807907104,160,160
IMG-20240509-WA0022.jpg_compressed.JPEG,IMG-20240509-WA0022.jpg_compressed_face0.jpg,0,0.9999517202377319,160,160
IMG-20240509-WA0022.jpg_compressed.JPEG,IMG-20240509-WA0022.jpg_compressed_face1.jpg,1,0.9999872446060181,160,160
IMG-20240618-WA0027.jpg_compressed.JPEG,IMG-20240618-WA0027.jpg_compressed_face0.jpg,0,0.9999915361404419,160,160
IMG-20240618-WA0032.jpg_compressed.JPEG,IMG-20240618-WA0032.jpg_compressed_face0.jpg,0,1.0,160,160
IMG-20240618-WA0038.jpg_compressed.JPEG,IMG-20240618-WA0038.jpg_compressed_face0.jpg,0,0.9999860525131226,160,160
IMG-20240831-WA0029.jpeg_compressed.JPEG,IMG-20240831-WA0029.jpeg_compressed_face0.jpg,0,0.9999798536300659,160,160
IMG-20240909-WA0014.jpg_compressed.JPEG,IMG-20240909-WA0014.jpg_compressed_face0.jpg,0,0.9999747276306152,160,160
IMG-20240909-WA0014.jpg_compressed.JPEG,IMG-20240909-WA0014.jpg_compressed_face1.jpg,1,0.99997878074646,160,160
IMG-20241015-WA0011.jpeg_compressed.JPEG,IMG-20241015-WA0011.jpeg_compressed_face0.jpg,0,0.9993222951889038,160,160
IMG-20241015-WA0026.jpg_compressed.JPEG,IMG-20241015-WA0026.jpg_compressed_face0.jpg,0,0.9999986886978149,160,160
IMG-20241015-WA0027.jpg_compressed.JPEG,IMG-20241015-WA0027.jpg_compressed_face0.jpg,0,0.9999724626541138,160,160
IMG-20241015-WA0037.jpg_compressed.JPEG,IMG-20241015-WA0037.jpg_compressed_face0.jpg,0,0.9999078512191772,160,160
IMG-20241027-WA0321.jpg_compressed.JPEG,IMG-20241027-WA0321.jpg_compressed_face0.jpg,0,1.0,160,160
IMG-20241027-WA0366.jpg_compressed.JPEG,IMG-20241027-WA0366.jpg_compressed_face0.jpg,0,0.9998738765716553,160,160
IMG-20241028-WA0047.jpg_compressed.JPEG,IMG-20241028-WA0047.jpg_compressed_face0.jpg,0,1.0,160,160
IMG-20241028-WA0047.jpg_compressed.JPEG,IMG-20241028-WA0047.jpg_compressed_face1.jpg,1,0.9518365859985352,160,160
IMG-20241113-WA0132.jpg_compressed.JPEG,IMG-20241113-WA0132.jpg_compressed_face0.jpg,0,0.9999955892562866,160,160
IMG-20241113-WA0132.jpg_compressed.JPEG,IMG-20241113-WA0132.jpg_compressed_face1.jpg,1,0.9999979734420776,160,160
IMG-20241114-WA0012.jpg_compressed.JPEG,IMG-20241114-WA0012.jpg_compressed_face0.jpg,0,0.9999995231628418,160,160
IMG-20241114-WA0023.jpg_compressed.JPEG,IMG-20241114-WA0023.jpg_compressed_face0.jpg,0,0.9999978542327881,160,160
IMG-20250116-WA0004.jpg_compressed.JPEG,IMG-20250116-WA0004.jpg_compressed_face0.jpg,0,0.9999963045120239,160,160
IMG-20250125-WA0003.jpg_compressed.JPEG,IMG-20250125-WA0003.jpg_compressed_face0.jpg,0,0.9999971389770508,160,160
IMG-20250125-WA0006.jpg_compressed.JPEG,IMG-20250125-WA0006.jpg_compressed_face1.jpg,1,1.0,160,160
IMG-20250220-WA0033.jpeg_compressed.JPEG,IMG-20250220-WA0033.jpeg_compressed_face0.jpg,0,0.9999793767929077,160,160
IMG-20250220-WA0033.jpeg_compressed.JPEG,IMG-20250220-WA0033.jpeg_compressed_face1.jpg,1,0.9999839067459106,160,160
IMG-20250222-WA0142.jpg_compressed.JPEG,IMG-20250222-WA0142.jpg_compressed_face0.jpg,0,0.9999732971191406,160,160
IMG-20250222-WA0142.jpg_compressed.JPEG,IMG-20250222-WA0142.jpg_compressed_face1.jpg,1,0.9999914169311523,160,160
IMG-20250222-WA0142.jpg_compressed.JPEG,IMG-20250222-WA0142.jpg_compressed_face2.jpg,2,0.99997878074646,160,160
IMG-20250222-WA0144.jpg_compressed.JPEG,IMG-20250222-WA0144.jpg_compressed_face0.jpg,0,0.9997830986976624,160,160
IMG-20250222-WA0144.jpg_compressed.JPEG,IMG-20250222-WA0144.jpg_compressed_face1.jpg,1,0.9997139573097229,160,160
IMG-20250222-WA0160.jpg_compressed.JPEG,IMG-20250222-WA0160.jpg_compressed_face0.jpg,0,0.9999985694885254,160,160
IMG-20250222-WA0160.jpg_compressed.JPEG,IMG-20250222-WA0160.jpg_compressed_face1.jpg,1,0.9999839067459106,160,160
IMG-20250222-WA0160.jpg_compressed.JPEG,IMG-20250222-WA0160.jpg_compressed_face2.jpg,2,0.9722169637680054,160,160
IMG-20250222-WA0163.jpg_compressed.JPEG,IMG-20250222-WA0163.jpg_compressed_face0.jpg,0,0.9999926090240479,160,160
IMG-20250222-WA0163.jpg_compressed.JPEG,IMG-20250222-WA0163.jpg_compressed_face1.jpg,1,0.9999953508377075,160,160
IMG-20250222-WA0163.jpg_compressed.JPEG,IMG-20250222-WA0163.jpg_compressed_face2.jpg,2,0.9999189376831055,160,160
IMG-20250319-WA0009.jpeg_compressed.JPEG,IMG-20250319-WA0009.jpeg_compressed_face0.jpg,0,0.9993575215339661,160,160
IMG-20250422-WA0016.jpg_compressed.JPEG,IMG-20250422-WA0016.jpg_compressed_face0.jpg,0,0.9998569488525391,160,160
IMG-20250422-WA0017.jpg_compressed.JPEG,IMG-20250422-WA0017.jpg_compressed_face0.jpg,0,0.9999420642852783,160,160
IMG-20250423-WA0315.jpg_compressed.JPEG,IMG-20250423-WA0315.jpg_compressed_face0.jpg,0,0.9999996423721313,160,160
IMG-20250423-WA0315.jpg_compressed.JPEG,IMG-20250423-WA0315.jpg_compressed_face1.jpg,1,0.9997289776802063,160,160
IMG-20250423-WA0315.jpg_compressed.JPEG,IMG-20250423-WA0315.jpg_compressed_face2.jpg,2,0.9999994039535522,160,160
IMG-20250423-WA0315.jpg_compressed.JPEG,IMG-20250423-WA0315.jpg_compressed_face3.jpg,3,0.999994158744812,160,160
IMG-20250423-WA0315.jpg_compressed.JPEG,IMG-20250423-WA0315.jpg_compressed_face4.jpg,4,0.9999682903289795,160,160
IMG-20250503-WA0016.jpg_compressed.JPEG,IMG-20250503-WA0016.jpg_compressed_face0.jpg,0,0.9999977350234985,160,160
IMG-20250605-WA0013.jpg_compressed.JPEG,IMG-20250605-WA0013.jpg_compressed_face0.jpg,0,1.0,160,160
IMG-20250605-WA0016.jpg_compressed.JPEG,IMG-20250605-WA0016.jpg_compressed_face0.jpg,0,0.9999998807907104,160,160
IMG-20250605-WA0016.jpg_compressed.JPEG,IMG-20250605-WA0016.jpg_compressed_face1.jpg,1,0.9619563817977905,160,160
IMG-20250629-WA0042.jpg_compressed.JPEG,IMG-20250629-WA0042.jpg_compressed_face0.jpg,0,0.9999997615814209,160,160
IMG-20250708-WA0005.jpeg_compressed.JPEG,IMG-20250708-WA0005.jpeg_compressed_face0.jpg,0,0.999998927116394,160,160
IMG-20250909-WA0013.jpg_compressed.JPEG,IMG-20250909-WA0013.jpg_compressed_face0.jpg,0,0.9999974966049194,160,160
IMG-20250909-WA0013.jpg_compressed.JPEG,IMG-20250909-WA0013.jpg_compressed_face1.jpg,1,1.0,160,160
IMG-20250909-WA0013.jpg_compressed.JPEG,IMG-20250909-WA0013.jpg_compressed_face2.jpg,2,0.9995924830436707,160,160
IMG-20250909-WA0022.jpg_compressed.JPEG,IMG-20250909-WA0022.jpg_compressed_face0.jpg,0,0.9999895095825195,160,160
IMG-20250909-WA0022.jpg_compressed.JPEG,IMG-20250909-WA0022.jpg_compressed_face1.jpg,1,1.0,160,160
IMG-20250909-WA0022.jpg_compressed.JPEG,IMG-20250909-WA0022.jpg_compressed_face2.jpg,2,0.9999817609786987,160,160
IMG-20250909-WA0034.jpg_compressed.JPEG,IMG-20250909-WA0034.jpg_compressed_face0.jpg,0,0.9999991655349731,160,160
IMG-20250909-WA0034.jpg_compressed.JPEG,IMG-20250909-WA0034.jpg_compressed_face1.jpg,1,0.9999822378158569,160,160
IMG-20250909-WA0034.jpg_compressed.JPEG,IMG-20250909-WA0034.jpg_compressed_face2.jpg,2,0.9999996423721313,160,160
IMG-20250909-WA0042.jpg_compressed.JPEG,IMG-20250909-WA0042.jpg_compressed_face0.jpg,0,0.9999996423721313,160,160
IMG-20250909-WA0042.jpg_compressed.JPEG,IMG-20250909-WA0042.jpg_compressed_face1.jpg,1,0.9999998807907104,160,160
IMG-20250909-WA0078.jpg_compressed.JPEG,IMG-20250909-WA0078.jpg_compressed_face0.jpg,0,0.9968799352645874,160,160
IMG-20250909-WA0078.jpg_compressed.JPEG,IMG-20250909-WA0078.jpg_compressed_face1.jpg,1,0.9998513460159302,160,160
IMG-20250909-WA0078.jpg_compressed.JPEG,IMG-20250909-WA0078.jpg_compressed_face2.jpg,2,0.9601638913154602,160,160
IMG-20250912-WA0039.jpg_compressed.JPEG,IMG-20250912-WA0039.jpg_compressed_face0.jpg,0,0.9999983310699463,160,160
IMG-20250912-WA0039.jpg_compressed.JPEG,IMG-20250912-WA0039.jpg_compressed_face1.jpg,1,0.9995668530464172,160,160
IMG-20250912-WA0041.jpg_compressed.JPEG,IMG-20250912-WA0041.jpg_compressed_face0.jpg,0,0.9998646974563599,160,160
IMG-20250912-WA0041.jpg_compressed.JPEG,IMG-20250912-WA0041.jpg_compressed_face1.jpg,1,0.9999939203262329,160,160
IMG-20250912-WA0043.jpg_compressed.JPEG,IMG-20250912-WA0043.jpg_compressed_face0.jpg,0,0.9643245339393616,160,160
IMG-20250912-WA0043.jpg_compressed.JPEG,IMG-20250912-WA0043.jpg_compressed_face1.jpg,1,0.9968363046646118,160,160
IMG-20250912-WA0043.jpg_compressed.JPEG,IMG-20250912-WA0043.jpg_compressed_face2.jpg,2,0.9999310970306396,160,160
IMG-20250912-WA0045.jpg_compressed.JPEG,IMG-20250912-WA0045.jpg_compressed_face0.jpg,0,0.999996542930603,160,160
IMG-20250912-WA0045.jpg_compressed.JPEG,IMG-20250912-WA0045.jpg_compressed_face1.jpg,1,0.9999996423721313,160,160
IMG-20250912-WA0047.jpg_compressed.JPEG,IMG-20250912-WA0047.jpg_compressed_face0.jpg,0,0.9999589920043945,160,160
IMG-20250912-WA0049.jpg_compressed.JPEG,IMG-20250912-WA0049.jpg_compressed_face0.jpg,0,0.9999697208404541,160,160
IMG-20250912-WA0049.jpg_compressed.JPEG,IMG-20250912-WA0049.jpg_compressed_face1.jpg,1,0.999357283115387,160,160
IMG-20250912-WA0049.jpg_compressed.JPEG,IMG-20250912-WA0049.jpg_compressed_face2.jpg,2,0.9526825547218323,160,160
IMG-20250926-WA0026.jpg_compressed.JPEG,IMG-20250926-WA0026.jpg_compressed_face0.jpg,0,0.9999884366989136,160,160
IMG-20250926-WA0026.jpg_compressed.JPEG,IMG-20250926-WA0026.jpg_compressed_face1.jpg,1,0.9991530179977417,160,160
IMG-20250926-WA0036.jpg_compressed.JPEG,IMG-20250926-WA0036.jpg_compressed_face1.jpg,1,0.9999520778656006,160,160
IMG-20250926-WA0036.jpg_compressed.JPEG,IMG-20250926-WA0036.jpg_compressed_face2.jpg,2,0.9999977350234985,160,160
IMG-20250926-WA0039.jpg_compressed.JPEG,IMG-20250926-WA0039.jpg_compressed_face0.jpg,0,0.9999998807907104,160,160
IMG-20250926-WA0039.jpg_compressed.JPEG,IMG-20250926-WA0039.jpg_compressed_face1.jpg,1,0.999956488609314,160,160
IMG-20250926-WA0039.jpg_compressed.JPEG,IMG-20250926-WA0039.jpg_compressed_face2.jpg,2,0.9999948740005493,160,160
IMG-20250926-WA0041.jpg_compressed.JPEG,IMG-20250926-WA0041.jpg_compressed_face0.jpg,0,0.9999366998672485,160,160
IMG-20250926-WA0041.jpg_compressed.JPEG,IMG-20250926-WA0041.jpg_compressed_face1.jpg,1,0.9999669790267944,160,160
IMG-20250926-WA0041.jpg_compressed.JPEG,IMG-20250926-WA0041.jpg_compressed_face2.jpg,2,0.9999947547912598,160,160
IMG-20250926-WA0184.jpg_compressed.JPEG,IMG-20250926-WA0184.jpg_compressed_face0.jpg,0,0.9999985694885254,160,160
IMG-20250926-WA0184.jpg_compressed.JPEG,IMG-20250926-WA0184.jpg_compressed_face1.jpg,1,0.9999960660934448,160,160
IMG-20250926-WA0184.jpg_compressed.JPEG,IMG-20250926-WA0184.jpg_compressed_face2.jpg,2,0.9999797344207764,160,160
IMG-20250926-WA0196.jpg_compressed.JPEG,IMG-20250926-WA0196.jpg_compressed_face0.jpg,0,0.9999841451644897,160,160
IMG-20250926-WA0196.jpg_compressed.JPEG,IMG-20250926-WA0196.jpg_compressed_face1.jpg,1,0.9999978542327881,160,160
IMG-20250926-WA0196.jpg_compressed.JPEG,IMG-20250926-WA0196.jpg_compressed_face2.jpg,2,0.9998461008071899,160,160
IMG-20250926-WA0198.jpg_compressed.JPEG,IMG-20250926-WA0198.jpg_compressed_face0.jpg,0,0.9999881982803345,160,160
IMG-20250926-WA0198.jpg_compressed.JPEG,IMG-20250926-WA0198.jpg_compressed_face1.jpg,1,0.999862790107727,160,160
IMG-20250926-WA0198.jpg_compressed.JPEG,IMG-20250926-WA0198.jpg_compressed_face2.jpg,2,0.9999980926513672,160,160
IMG-20250926-WA0202.jpg_compressed.JPEG,IMG-20250926-WA0202.jpg_compressed_face0.jpg,0,1.0,160,160
IMG-20250926-WA0202.jpg_compressed.JPEG,IMG-20250926-WA0202.jpg_compressed_face1.jpg,1,0.9999738931655884,160,160
IMG-20250926-WA0202.jpg_compressed.JPEG,IMG-20250926-WA0202.jpg_compressed_face2.jpg,2,0.9999972581863403,160,160
IMG-20250926-WA0206.jpg_compressed.JPEG,IMG-20250926-WA0206.jpg_compressed_face0.jpg,0,0.9999996423721313,160,160
IMG-20250926-WA0206.jpg_compressed.JPEG,IMG-20250926-WA0206.jpg_compressed_face1.jpg,1,0.9999853372573853,160,160
IMG-20250926-WA0206.jpg_compressed.JPEG,IMG-20250926-WA0206.jpg_compressed_face2.jpg,2,0.999987006187439,160,160
IMG-20250926-WA0206.jpg_compressed.JPEG,IMG-20250926-WA0206.jpg_compressed_face4.jpg,4,0.989538311958313,160,160
IMG-20250926-WA0230.jpg_compressed.JPEG,IMG-20250926-WA0230.jpg_compressed_face0.jpg,0,0.9999992847442627,160,160
IMG-20250926-WA0230.jpg_compressed.JPEG,IMG-20250926-WA0230.jpg_compressed_face1.jpg,1,0.9999947547912598,160,160
IMG-20250926-WA0230.jpg_compressed.JPEG,IMG-20250926-WA0230.jpg_compressed_face2.jpg,2,0.9999994039535522,160,160
IMG-20250926-WA0240.jpg_compressed.JPEG,IMG-20250926-WA0240.jpg_compressed_face0.jpg,0,0.9993273019790649,160,160
IMG-20250926-WA0240.jpg_compressed.JPEG,IMG-20250926-WA0240.jpg_compressed_face1.jpg,1,0.9999992847442627,160,160
IMG-20250926-WA0244.jpg_compressed.JPEG,IMG-20250926-WA0244.jpg_compressed_face0.jpg,0,1.0,160,160
IMG-20250926-WA0244.jpg_compressed.JPEG,IMG-20250926-WA0244.jpg_compressed_face1.jpg,1,0.9997807145118713,160,160
IMG-20250926-WA0244.jpg_compressed.JPEG,IMG-20250926-WA0244.jpg_compressed_face2.jpg,2,0.9999998807907104,160,160
IMG-20251001-WA0034.jpeg_compressed.JPEG,IMG-20251001-WA0034.jpeg_compressed_face0.jpg,0,0.9999978542327881,160,160
IMG-20251001-WA0045.jpeg_compressed.JPEG,IMG-20251001-WA0045.jpeg_compressed_face0.jpg,0,0.9998865127563477,160,160
IMG-20251009-WA0023.jpg_compressed.JPEG,IMG-20251009-WA0023.jpg_compressed_face0.jpg,0,0.9999994039535522,160,160
IMG-20251009-WA0023.jpg_compressed.JPEG,IMG-20251009-WA0023.jpg_compressed_face1.jpg,1,0.9999632835388184,160,160
IMG-20251016-WA0051.jpg_compressed.JPEG,IMG-20251016-WA0051.jpg_compressed_face0.jpg,0,0.9999880790710449,160,160
IMG-20251016-WA0051.jpg_compressed.JPEG,IMG-20251016-WA0051.jpg_compressed_face1.jpg,1,0.9999953508377075,160,160
IMG-20251022-WA0067.jpg_compressed.JPEG,IMG-20251022-WA0067.jpg_compressed_face0.jpg,0,0.9992715716362,160,160
IMG-20251026-WA0015.jpg_compressed.JPEG,IMG-20251026-WA0015.jpg_compressed_face0.jpg,0,0.99998939037323,160,160
IMG-20251026-WA0016.jpg_compressed.JPEG,IMG-20251026-WA0016.jpg_compressed_face0.jpg,0,0.9988698363304138,160,160
IMG-20251026-WA0017.jpg_compressed.JPEG,IMG-20251026-WA0017.jpg_compressed_face0.jpg,0,0.9999918937683105,160,160
IMG-20251026-WA0018.jpg_compressed.JPEG,IMG-20251026-WA0018.jpg_compressed_face0.jpg,0,0.999322772026062,160,160
IMG-20251026-WA0019.jpg_compressed.JPEG,IMG-20251026-WA0019.jpg_compressed_face0.jpg,0,0.9992250204086304,160,160
IMG-20251026-WA0020.jpg_compressed.JPEG,IMG-20251026-WA0020.jpg_compressed_face0.jpg,0,0.999468982219696,160,160
IMG-20251026-WA0021.jpg_compressed.JPEG,IMG-20251026-WA0021.jpg_compressed_face0.jpg,0,0.9999281167984009,160,160
IMG-20251026-WA0022.jpg_compressed.JPEG,IMG-20251026-WA0022.jpg_compressed_face0.jpg,0,0.9999520778656006,160,160
IMG-20251026-WA0023.jpg_compressed.JPEG,IMG-20251026-WA0023.jpg_compressed_face0.jpg,0,0.9999634027481079,160,160
IMG-20251026-WA0023.jpg_compressed.JPEG,IMG-20251026-WA0023.jpg_compressed_face1.jpg,1,0.9999474287033081,160,160
IMG-20251026-WA0024.jpg_compressed.JPEG,IMG-20251026-WA0024.jpg_compressed_face0.jpg,0,0.9999282360076904,160,160
IMG-20251026-WA0025.jpg_compressed.JPEG,IMG-20251026-WA0025.jpg_compressed_face0.jpg,0,0.9992581009864807,160,160
IMG-20251026-WA0026.jpg_compressed.JPEG,IMG-20251026-WA0026.jpg_compressed_face0.jpg,0,0.9998169541358948,160,160
IMG-20251026-WA0026.jpg_compressed.JPEG,IMG-20251026-WA0026.jpg_compressed_face1.jpg,1,0.9996022582054138,160,160
IMG-20251026-WA0027.jpg_compressed.JPEG,IMG-20251026-WA0027.jpg_compressed_face1.jpg,1,0.9998745918273926,160,160
IMG-20251026-WA0028.jpg_compressed.JPEG,IMG-20251026-WA0028.jpg_compressed_face0.jpg,0,0.9995784163475037,160,160
IMG-20251026-WA0029.jpg_compressed.JPEG,IMG-20251026-WA0029.jpg_compressed_face0.jpg,0,0.9997161030769348,160,160
IMG-20251026-WA0030.jpg_compressed.JPEG,IMG-20251026-WA0030.jpg_compressed_face0.jpg,0,0.9999866485595703,160,160
IMG-20251026-WA0031.jpg_compressed.JPEG,IMG-20251026-WA0031.jpg_compressed_face0.jpg,0,0.9998188614845276,160,160
IMG-20251026-WA0032.jpg_compressed.JPEG,IMG-20251026-WA0032.jpg_compressed_face0.jpg,0,0.9995601773262024,160,160
IMG-20251026-WA0033.jpg_compressed.JPEG,IMG-20251026-WA0033.jpg_compressed_face0.jpg,0,0.9999904632568359,160,160
IMG-20251026-WA0034.jpg_compressed.JPEG,IMG-20251026-WA0034.jpg_compressed_face0.jpg,0,0.9999955892562866,160,160
IMG-20251026-WA0035.jpg_compressed.JPEG,IMG-20251026-WA0035.jpg_compressed_face0.jpg,0,0.9573602676391602,160,160
IMG-20251026-WA0036.jpg_compressed.JPEG,IMG-20251026-WA0036.jpg_compressed_face0.jpg,0,0.9999278783798218,160,160
IMG-20251026-WA0037.jpg_compressed.JPEG,IMG-20251026-WA0037.jpg_compressed_face0.jpg,0,0.9999911785125732,160,160
IMG-20251026-WA0038.jpg_compressed.JPEG,IMG-20251026-WA0038.jpg_compressed_face0.jpg,0,0.9986364245414734,160,160
IMG-20251026-WA0039.jpg_compressed.JPEG,IMG-20251026-WA0039.jpg_compressed_face0.jpg,0,0.9999297857284546,160,160
IMG-20251026-WA0040.jpg_compressed.JPEG,IMG-20251026-WA0040.jpg_compressed_face0.jpg,0,0.9999768733978271,160,160
IMG-20251026-WA0041.jpg_compressed.JPEG,IMG-20251026-WA0041.jpg_compressed_face0.jpg,0,0.9999229907989502,160,160
IMG-20251026-WA0041.jpg_compressed.JPEG,IMG-20251026-WA0041.jpg_compressed_face1.jpg,1,0.9999644756317139,160,160
IMG-20251026-WA0042.jpg_compressed.JPEG,IMG-20251026-WA0042.jpg_compressed_face0.jpg,0,0.9998767375946045,160,160
IMG-20251026-WA0045.jpg_compressed.JPEG,IMG-20251026-WA0045.jpg_compressed_face0.jpg,0,0.9999316930770874,160,160
IMG-20251026-WA0046.jpg_compressed.JPEG,IMG-20251026-WA0046.jpg_compressed_face0.jpg,0,0.9999984502792358,160,160
IMG-20251026-WA0047.jpg_compressed.JPEG,IMG-20251026-WA0047.jpg_compressed_face0.jpg,0,0.9999440908432007,160,160
IMG20230812084507.jpg_compressed.JPEG,IMG20230812084507.jpg_compressed_face0.jpg,0,0.9999431371688843,160,160
IMG20230905154716.jpg_compressed.JPEG,IMG20230905154716.jpg_compressed_face0.jpg,0,0.999995231628418,160,160
IMG20230905154716.jpg_compressed_1.JPEG,IMG20230905154716.jpg_compressed_1_face0.jpg,0,0.9999940395355225,160,160
IMG20230906160637.jpg_compressed.JPEG,IMG20230906160637.jpg_compressed_face0.jpg,0,0.9997856020927429,160,160
IMG20230911123208.jpg_compressed.JPEG,IMG20230911123208.jpg_compressed_face0.jpg,0,0.9995875954627991,160,160
IMG20230911123208.jpg_compressed.JPEG,IMG20230911123208.jpg_compressed_face1.jpg,1,0.9996473789215088,160,160
IMG20230911123208.jpg_compressed.JPEG,IMG20230911123208.jpg_compressed_face2.jpg,2,0.996547520160675,160,160
IMG20230911123208.jpg_compressed_1.JPEG,IMG20230911123208.jpg_compressed_1_face0.jpg,0,0.999648928642273,160,160
IMG20230911123208.jpg_compressed_1.JPEG,IMG20230911123208.jpg_compressed_1_face1.jpg,1,0.9998621940612793,160,160
IMG20230911123208.jpg_compressed_1.JPEG,IMG20230911123208.jpg_compressed_1_face2.jpg,2,0.9898325204849243,160,160
IMG20230921143919.jpg_compressed.JPEG,IMG20230921143919.jpg_compressed_face0.jpg,0,0.9933483004570007,160,160
IMG20231008162117.jpg_compressed.JPEG,IMG20231008162117.jpg_compressed_face0.jpg,0,1.0,160,160
IMG20231111200331.jpg_compressed.JPEG,IMG20231111200331.jpg_compressed_face0.jpg,0,0.9999817609786987,160,160
IMG20231111200341.jpg_compressed.JPEG,IMG20231111200341.jpg_compressed_face0.jpg,0,0.9999827146530151,160,160
IMG20231120105929.jpg_compressed.JPEG,IMG20231120105929.jpg_compressed_face0.jpg,0,0.9994565844535828,160,160
IMG20231120105929.jpg_compressed.JPEG,IMG20231120105929.jpg_compressed_face1.jpg,1,0.9998494386672974,160,160
IMG20231121165459.jpg_compressed.JPEG,IMG20231121165459.jpg_compressed_face0.jpg,0,0.9999690055847168,160,160
IMG20240129154054.jpg_compressed.JPEG,IMG20240129154054.jpg_compressed_face0.jpg,0,0.9999946355819702,160,160
IMG20240411105827.jpg_compressed.JPEG,IMG20240411105827.jpg_compressed_face0.jpg,0,0.9995922446250916,160,160
IMG20240411105827.jpg_compressed.JPEG,IMG20240411105827.jpg_compressed_face2.jpg,2,0.9935709238052368,160,160
IMG20240412074439.jpg_compressed.JPEG,IMG20240412074439.jpg_compressed_face0.jpg,0,0.9999988079071045,160,160
IMG20240412101029.jpg_compressed.JPEG,IMG20240412101029.jpg_compressed_face0.jpg,0,0.9999856948852539,160,160
IMG20240412114517.jpg_compressed.JPEG,IMG20240412114517.jpg_compressed_face0.jpg,0,0.9999991655349731,160,160
IMG20240412164701.jpg_compressed.JPEG,IMG20240412164701.jpg_compressed_face0.jpg,0,0.9999995231628418,160,160
IMG20240412164701.jpg_compressed.JPEG,IMG20240412164701.jpg_compressed_face1.jpg,1,0.9511728286743164,160,160
IMG20240412164703.jpg_compressed.JPEG,IMG20240412164703.jpg_compressed_face0.jpg,0,0.9999890327453613,160,160
IMG20240413070839.jpg_compressed.JPEG,IMG20240413070839.jpg_compressed_face0.jpg,0,0.9999997615814209,160,160
IMG20240413094853.jpg_compressed.JPEG,IMG20240413094853.jpg_compressed_face0.jpg,0,0.9999876022338867,160,160
IMG20240413162310.jpg_compressed.JPEG,IMG20240413162310.jpg_compressed_face0.jpg,0,0.9999710321426392,160,160
IMG20240414105025.jpg_compressed.JPEG,IMG20240414105025.jpg_compressed_face0.jpg,0,0.9999566078186035,160,160
IMG20240414105053.jpg_compressed.JPEG,IMG20240414105053.jpg_compressed_face0.jpg,0,0.9999319314956665,160,160
IMG20240424151559.jpg_compressed.JPEG,IMG20240424151559.jpg_compressed_face0.jpg,0,0.9997919201850891,160,160
IMG20240502162604.jpg_compressed.JPEG,IMG20240502162604.jpg_compressed_face0.jpg,0,0.9999812841415405,160,160
IMG20240513123626.jpg_compressed.JPEG,IMG20240513123626.jpg_compressed_face0.jpg,0,0.9999918937683105,160,160
IMG20240513123626.jpg_compressed.JPEG,IMG20240513123626.jpg_compressed_face1.jpg,1,0.9994639754295349,160,160
IMG20240513123626.jpg_compressed.JPEG,IMG20240513123626.jpg_compressed_face2.jpg,2,0.9999306201934814,160,160
IMG20240513123626.jpg_compressed.JPEG,IMG20240513123626.jpg_compressed_face3.jpg,3,0.9996925592422485,160,160
IMG20240515114503.jpg_compressed.JPEG,IMG20240515114503.jpg_compressed_face0.jpg,0,0.9999538660049438,160,160
IMG20240515114503.jpg_compressed.JPEG,IMG20240515114503.jpg_compressed_face1.jpg,1,0.9970183372497559,160,160
IMG20240515114503.jpg_compressed.JPEG,IMG20240515114503.jpg_compressed_face2.jpg,2,0.9974125027656555,160,160
IMG20240626145608.jpg_compressed.JPEG,IMG20240626145608.jpg_compressed_face0.jpg,0,0.9999581575393677,160,160
IMG20240628194954.jpg_compressed.JPEG,IMG20240628194954.jpg_compressed_face0.jpg,0,0.9999442100524902,160,160
IMG20240628194954.jpg_compressed.JPEG,IMG20240628194954.jpg_compressed_face1.jpg,1,0.9998972415924072,160,160
IMG20240628195009.jpg_compressed.JPEG,IMG20240628195009.jpg_compressed_face0.jpg,0,0.9999979734420776,160,160
IMG20240628195009.jpg_compressed.JPEG,IMG20240628195009.jpg_compressed_face1.jpg,1,0.9999939203262329,160,160
IMG20240628200225.jpg_compressed.JPEG,IMG20240628200225.jpg_compressed_face0.jpg,0,0.998842716217041,160,160
IMG20240628200225.jpg_compressed.JPEG,IMG20240628200225.jpg_compressed_face1.jpg,1,0.999966025352478,160,160
IMG20240729090958.jpg_compressed.JPEG,IMG20240729090958.jpg_compressed_face0.jpg,0,0.9999418258666992,160,160
IMG20240807120005.jpg_compressed.JPEG,IMG20240807120005.jpg_compressed_face0.jpg,0,0.9974283576011658,160,160
IMG20240807120005.jpg_compressed.JPEG,IMG20240807120005.jpg_compressed_face1.jpg,1,0.9958582520484924,160,160
IMG20240807120005.jpg_compressed.JPEG,IMG20240807120005.jpg_compressed_face2.jpg,2,0.9996193647384644,160,160
IMG20240807151140.jpg_compressed.JPEG,IMG20240807151140.jpg_compressed_face0.jpg,0,0.999890923500061,160,160
IMG20240807151142.jpg_compressed.JPEG,IMG20240807151142.jpg_compressed_face0.jpg,0,0.9999755620956421,160,160
IMG20240807151142.jpg_compressed.JPEG,IMG20240807151142.jpg_compressed_face1.jpg,1,0.9682790637016296,160,160
IMG20240824124705.heic_compressed.JPEG,IMG20240824124705.heic_compressed_face0.jpg,0,0.9999878406524658,160,160
IMG20240824125244.heic_compressed.JPEG,IMG20240824125244.heic_compressed_face0.jpg,0,1.0,160,160
IMG20240909163149.heic_compressed.JPEG,IMG20240909163149.heic_compressed_face0.jpg,0,0.9979669451713562,160,160
IMG20240915184333.heic_compressed.JPEG,IMG20240915184333.heic_compressed_face0.jpg,0,0.9999594688415527,160,160
IMG20240922103939.heic_compressed.JPEG,IMG20240922103939.heic_compressed_face0.jpg,0,0.999316930770874,160,160
IMG20240923151636.heic_compressed.JPEG,IMG20240923151636.heic_compressed_face0.jpg,0,0.9999998807907104,160,160
IMG20240923151636.heic_compressed.JPEG,IMG20240923151636.heic_compressed_face1.jpg,1,0.9990291595458984,160,160
IMG20240923152823.heic_compressed.JPEG,IMG20240923152823.heic_compressed_face0.jpg,0,0.9999068975448608,160,160
IMG20240923164400.heic_compressed.JPEG,IMG20240923164400.heic_compressed_face0.jpg,0,0.999997615814209,160,160
IMG20240923164402.heic_compressed.JPEG,IMG20240923164402.heic_compressed_face0.jpg,0,0.9999998807907104,160,160
IMG20240926154436.heic_compressed.JPEG,IMG20240926154436.heic_compressed_face0.jpg,0,0.9999960660934448,160,160
IMG20240926154436.heic_compressed.JPEG,IMG20240926154436.heic_compressed_face1.jpg,1,0.9999918937683105,160,160
IMG20240926154437.heic_compressed.JPEG,IMG20240926154437.heic_compressed_face0.jpg,0,0.999830961227417,160,160
IMG20240926154437.heic_compressed.JPEG,IMG20240926154437.heic_compressed_face1.jpg,1,0.999797523021698,160,160
IMG20240926222443.heic_compressed.JPEG,IMG20240926222443.heic_compressed_face0.jpg,0,0.9999995231628418,160,160
IMG20240926222451.heic_compressed.JPEG,IMG20240926222451.heic_compressed_face0.jpg,0,0.9999985694885254,160,160
IMG20240926222459.heic_compressed.JPEG,IMG20240926222459.heic_compressed_face0.jpg,0,0.999984860420227,160,160
IMG20240927195400.heic_compressed.JPEG,IMG20240927195400.heic_compressed_face0.jpg,0,0.9999775886535645,160,160
IMG20241003134334.heic_compressed.JPEG,IMG20241003134334.heic_compressed_face0.jpg,0,0.9959214925765991,160,160
IMG20241003134334.heic_compressed.JPEG,IMG20241003134334.heic_compressed_face1.jpg,1,0.9791673421859741,160,160
IMG20241004115534.heic_compressed.JPEG,IMG20241004115534.heic_compressed_face0.jpg,0,0.9993447661399841,160,160
IMG20241004115551.heic_compressed.JPEG,IMG20241004115551.heic_compressed_face0.jpg,0,0.9998644590377808,160,160
IMG20241004115559.heic_compressed.JPEG,IMG20241004115559.heic_compressed_face0.jpg,0,0.9999606609344482,160,160
IMG20241004115649.heic_compressed.JPEG,IMG20241004115649.heic_compressed_face0.jpg,0,0.9999127388000488,160,160
IMG20241007154110.heic_compressed.JPEG,IMG20241007154110.heic_compressed_face0.jpg,0,0.9999996423721313,160,160
IMG20241015125723.heic_compressed.JPEG,IMG20241015125723.heic_compressed_face0.jpg,0,1.0,160,160
IMG20241015125723.heic_compressed.JPEG,IMG20241015125723.heic_compressed_face1.jpg,1,0.9977922439575195,160,160
IMG20241015132644.heic_compressed.JPEG,IMG20241015132644.heic_compressed_face0.jpg,0,0.9999099969863892,160,160
IMG20241015132644.heic_compressed.JPEG,IMG20241015132644.heic_compressed_face1.jpg,1,0.9996895790100098,160,160
IMG20241015132659.heic_compressed.JPEG,IMG20241015132659.heic_compressed_face0.jpg,0,0.9999998807907104,160,160
IMG20241015132659.heic_compressed.JPEG,IMG20241015132659.heic_compressed_face1.jpg,1,0.9999997615814209,160,160
IMG20241015132701_01.heic_compressed.JPEG,IMG20241015132701_01.heic_compressed_face0.jpg,0,0.9999998807907104,160,160
IMG20241015132701_01.heic_compressed.JPEG,IMG20241015132701_01.heic_compressed_face1.jpg,1,0.999968409538269,160,160
IMG20241015132702_02.heic_compressed.JPEG,IMG20241015132702_02.heic_compressed_face0.jpg,0,0.9999070167541504,160,160
IMG20241015132702_02.heic_compressed.JPEG,IMG20241015132702_02.heic_compressed_face1.jpg,1,0.999630331993103,160,160
IMG20241015132707_01.heic_compressed.JPEG,IMG20241015132707_01.heic_compressed_face0.jpg,0,0.9999829530715942,160,160
IMG20241015132707_01.heic_compressed.JPEG,IMG20241015132707_01.heic_compressed_face1.jpg,1,0.9999969005584717,160,160
IMG20241015132707_01.heic_compressed.JPEG,IMG20241015132707_01.heic_compressed_face2.jpg,2,0.967878520488739,160,160
IMG20241015150614.heic_compressed.JPEG,IMG20241015150614.heic_compressed_face0.jpg,0,0.9999526739120483,160,160
IMG20241023102511.heic_compressed.JPEG,IMG20241023102511.heic_compressed_face0.jpg,0,0.9999450445175171,160,160
IMG20241023102511.heic_compressed.JPEG,IMG20241023102511.heic_compressed_face1.jpg,1,0.9999997615814209,160,160
IMG20241023102511.heic_compressed.JPEG,IMG20241023102511.heic_compressed_face2.jpg,2,0.999984622001648,160,160
IMG20241023102515.heic_compressed.JPEG,IMG20241023102515.heic_compressed_face0.jpg,0,0.9999812841415405,160,160
IMG20241023102515.heic_compressed.JPEG,IMG20241023102515.heic_compressed_face1.jpg,1,0.9999995231628418,160,160
IMG20241023102516.heic_compressed.JPEG,IMG20241023102516.heic_compressed_face0.jpg,0,0.9996947050094604,160,160
IMG20241023102516.heic_compressed.JPEG,IMG20241023102516.heic_compressed_face1.jpg,1,0.9999918937683105,160,160
IMG20241023102516.heic_compressed.JPEG,IMG20241023102516.heic_compressed_face2.jpg,2,0.9999990463256836,160,160
IMG20241024135326.heic_compressed.JPEG,IMG20241024135326.heic_compressed_face0.jpg,0,0.9987806677818298,160,160
IMG20241024135808.heic_compressed.JPEG,IMG20241024135808.heic_compressed_face0.jpg,0,0.9999995231628418,160,160
IMG20241024135808.heic_compressed.JPEG,IMG20241024135808.heic_compressed_face1.jpg,1,1.0,160,160
IMG20241024135808.heic_compressed.JPEG,IMG20241024135808.heic_compressed_face2.jpg,2,0.9999129772186279,160,160
IMG20241024135821.heic_compressed.JPEG,IMG20241024135821.heic_compressed_face0.jpg,0,0.9999998807907104,160,160
IMG20241024135821.heic_compressed.JPEG,IMG20241024135821.heic_compressed_face1.jpg,1,0.9999979734420776,160,160
IMG20241024135821.heic_compressed.JPEG,IMG20241024135821.heic_compressed_face2.jpg,2,0.9991028308868408,160,160
IMG20241024140326.heic_compressed.JPEG,IMG20241024140326.heic_compressed_face0.jpg,0,1.0,160,160
IMG20241024140326.heic_compressed.JPEG,IMG20241024140326.heic_compressed_face1.jpg,1,0.9999991655349731,160,160
IMG20241024140326.heic_compressed.JPEG,IMG20241024140326.heic_compressed_face2.jpg,2,0.9999945163726807,160,160
IMG20241024140418.heic_compressed.JPEG,IMG20241024140418.heic_compressed_face0.jpg,0,0.999998927116394,160,160
IMG20241024140418.heic_compressed.JPEG,IMG20241024140418.heic_compressed_face1.jpg,1,0.9997677206993103,160,160
IMG20241026175429.heic_compressed.JPEG,IMG20241026175429.heic_compressed_face0.jpg,0,0.9999991655349731,160,160
IMG20241027085220.heic_compressed.JPEG,IMG20241027085220.heic_compressed_face0.jpg,0,0.9999986886978149,160,160
IMG20241027130156.heic_compressed.JPEG,IMG20241027130156.heic_compressed_face0.jpg,0,0.9998854398727417,160,160
IMG20241027130158.heic_compressed.JPEG,IMG20241027130158.heic_compressed_face0.jpg,0,0.9999873638153076,160,160
IMG20241029081811.heic_compressed.JPEG,IMG20241029081811.heic_compressed_face0.jpg,0,1.0,160,160
IMG20241103131642.heic_compressed.JPEG,IMG20241103131642.heic_compressed_face0.jpg,0,1.0,160,160
IMG20241113093023.heic_compressed.JPEG,IMG20241113093023.heic_compressed_face0.jpg,0,0.9948859810829163,160,160
IMG20241113101809.heic_compressed.JPEG,IMG20241113101809.heic_compressed_face0.jpg,0,0.9999442100524902,160,160
IMG20241113101809.heic_compressed.JPEG,IMG20241113101809.heic_compressed_face1.jpg,1,0.9999436140060425,160,160
IMG20241113131527.heic_compressed.JPEG,IMG20241113131527.heic_compressed_face0.jpg,0,0.9999608993530273,160,160
IMG20241113164430.heic_compressed.JPEG,IMG20241113164430.heic_compressed_face0.jpg,0,0.9999994039535522,160,160
IMG20241113164430.heic_compressed.JPEG,IMG20241113164430.heic_compressed_face1.jpg,1,1.0,160,160
IMG20241113164430.heic_compressed.JPEG,IMG20241113164430.heic_compressed_face2.jpg,2,1.0,160,160
IMG20241113164433.heic_compressed.JPEG,IMG20241113164433.heic_compressed_face0.jpg,0,0.9999837875366211,160,160
IMG20241113164433.heic_compressed.JPEG,IMG20241113164433.heic_compressed_face1.jpg,1,0.9999558925628662,160,160
IMG20241113164433.heic_compressed.JPEG,IMG20241113164433.heic_compressed_face2.jpg,2,0.9999979734420776,160,160
IMG20241113164434.heic_compressed.JPEG,IMG20241113164434.heic_compressed_face0.jpg,0,0.9999960660934448,160,160
IMG20241113164434.heic_compressed.JPEG,IMG20241113164434.heic_compressed_face1.jpg,1,0.9999388456344604,160,160
IMG20241113164434.heic_compressed.JPEG,IMG20241113164434.heic_compressed_face2.jpg,2,0.9999998807907104,160,160
IMG20241113164532.heic_compressed.JPEG,IMG20241113164532.heic_compressed_face0.jpg,0,0.9999922513961792,160,160
IMG20241113164532.heic_compressed.JPEG,IMG20241113164532.heic_compressed_face1.jpg,1,0.9999998807907104,160,160
IMG20241113164532.heic_compressed.JPEG,IMG20241113164532.heic_compressed_face3.jpg,3,0.9991236329078674,160,160
IMG20241113164535.heic_compressed.JPEG,IMG20241113164535.heic_compressed_face0.jpg,0,0.9999995231628418,160,160
IMG20241113164535.heic_compressed.JPEG,IMG20241113164535.heic_compressed_face1.jpg,1,0.9999434947967529,160,160
IMG20241113164535.heic_compressed.JPEG,IMG20241113164535.heic_compressed_face2.jpg,2,0.9999905824661255,160,160
IMG20241113164535.heic_compressed.JPEG,IMG20241113164535.heic_compressed_face3.jpg,3,0.9996235370635986,160,160
IMG20241113164535.heic_compressed.JPEG,IMG20241113164535.heic_compressed_face4.jpg,4,0.9999051094055176,160,160
IMG20241113164551.heic_compressed.JPEG,IMG20241113164551.heic_compressed_face0.jpg,0,0.9999840259552002,160,160
IMG20241113164551.heic_compressed.JPEG,IMG20241113164551.heic_compressed_face1.jpg,1,0.9999829530715942,160,160
IMG20241113164551.heic_compressed.JPEG,IMG20241113164551.heic_compressed_face2.jpg,2,0.987400472164154,160,160
IMG20241113164554.heic_compressed.JPEG,IMG20241113164554.heic_compressed_face0.jpg,0,0.999998927116394,160,160
IMG20241113164554.heic_compressed.JPEG,IMG20241113164554.heic_compressed_face1.jpg,1,0.9691558480262756,160,160
IMG20241113164554.heic_compressed.JPEG,IMG20241113164554.heic_compressed_face2.jpg,2,0.9999982118606567,160,160
IMG20241113164554.heic_compressed.JPEG,IMG20241113164554.heic_compressed_face3.jpg,3,0.997386634349823,160,160
IMG20241113164607.heic_compressed.JPEG,IMG20241113164607.heic_compressed_face0.jpg,0,0.9999997615814209,160,160
IMG20241113164607.heic_compressed.JPEG,IMG20241113164607.heic_compressed_face2.jpg,2,0.9977806210517883,160,160
IMG20241113164710_01.heic_compressed.JPEG,IMG20241113164710_01.heic_compressed_face0.jpg,0,1.0,160,160
IMG20241113164711.heic_compressed.JPEG,IMG20241113164711.heic_compressed_face0.jpg,0,0.9999996423721313,160,160
IMG20241114131712.heic_compressed.JPEG,IMG20241114131712.heic_compressed_face0.jpg,0,0.9999998807907104,160,160
IMG20241114131714.heic_compressed.JPEG,IMG20241114131714.heic_compressed_face0.jpg,0,0.9999998807907104,160,160
IMG20241114131723.heic_compressed.JPEG,IMG20241114131723.heic_compressed_face0.jpg,0,0.9999924898147583,160,160
IMG20241116121618.heic_compressed.JPEG,IMG20241116121618.heic_compressed_face0.jpg,0,1.0,160,160
IMG20241116121651.heic_compressed.JPEG,IMG20241116121651.heic_compressed_face0.jpg,0,0.9932618737220764,160,160
IMG20241116121657.heic_compressed.JPEG,IMG20241116121657.heic_compressed_face0.jpg,0,0.9999979734420776,160,160
IMG20241116122315.heic_compressed.JPEG,IMG20241116122315.heic_compressed_face0.jpg,0,0.999998927116394,160,160
IMG20241119165743.heic_compressed.JPEG,IMG20241119165743.heic_compressed_face0.jpg,0,0.999997615814209,160,160
IMG20241126164249.heic_compressed.JPEG,IMG20241126164249.heic_compressed_face0.jpg,0,0.9999895095825195,160,160
IMG20241126164305.heic_compressed.JPEG,IMG20241126164305.heic_compressed_face0.jpg,0,0.9999964237213135,160,160
IMG20241128143337.heic_compressed.JPEG,IMG20241128143337.heic_compressed_face0.jpg,0,0.9998652935028076,160,160
IMG20241128143337.heic_compressed.JPEG,IMG20241128143337.heic_compressed_face1.jpg,1,0.9999340772628784,160,160
IMG20241128143339.heic_compressed.JPEG,IMG20241128143339.heic_compressed_face0.jpg,0,0.9934592247009277,160,160
IMG20241128143339.heic_compressed.JPEG,IMG20241128143339.heic_compressed_face1.jpg,1,0.9999642372131348,160,160
IMG20241128143339_01.heic_compressed.JPEG,IMG20241128143339_01.heic_compressed_face0.jpg,0,0.9857273697853088,160,160
IMG20241128143339_01.heic_compressed.JPEG,IMG20241128143339_01.heic_compressed_face1.jpg,1,0.9999181032180786,160,160
IMG20241212134146.heic_compressed.JPEG,IMG20241212134146.heic_compressed_face0.jpg,0,0.9999563694000244,160,160
IMG20241212214054.heic_compressed.JPEG,IMG20241212214054.heic_compressed_face0.jpg,0,0.9999518394470215,160,160
IMG20241212214055.heic_compressed.JPEG,IMG20241212214055.heic_compressed_face0.jpg,0,1.0,160,160
IMG20241213122705.heic_compressed.JPEG,IMG20241213122705.heic_compressed_face0.jpg,0,0.9999707937240601,160,160
IMG20241213122710.heic_compressed.JPEG,IMG20241213122710.heic_compressed_face0.jpg,0,0.9996623992919922,160,160
IMG20241213122726.heic_compressed.JPEG,IMG20241213122726.heic_compressed_face0.jpg,0,0.999984622001648,160,160
IMG20241222163754.heic_compressed.JPEG,IMG20241222163754.heic_compressed_face0.jpg,0,0.999967098236084,160,160
IMG20241222180540.heic_compressed.JPEG,IMG20241222180540.heic_compressed_face0.jpg,0,0.9999902248382568,160,160
IMG20241222180543.heic_compressed.JPEG,IMG20241222180543.heic_compressed_face0.jpg,0,0.9999991655349731,160,160
IMG20241222180544.heic_compressed.JPEG,IMG20241222180544.heic_compressed_face0.jpg,0,0.9999973773956299,160,160
IMG20241229150625.heic_compressed.JPEG,IMG20241229150625.heic_compressed_face0.jpg,0,0.999997615814209,160,160
IMG20250107143055_BURST008.jpg_compressed.JPEG,IMG20250107143055_BURST008.jpg_compressed_face0.jpg,0,0.99998939037323,160,160
IMG20250107143055_BURST012.jpg_compressed.JPEG,IMG20250107143055_BURST012.jpg_compressed_face0.jpg,0,0.9999721050262451,160,160
IMG20250107143055_BURST015.jpg_compressed.JPEG,IMG20250107143055_BURST015.jpg_compressed_face0.jpg,0,0.9999986886978149,160,160
IMG20250116073528.heic_compressed.JPEG,IMG20250116073528.heic_compressed_face0.jpg,0,1.0,160,160
IMG20250116074604.heic_compressed.JPEG,IMG20250116074604.heic_compressed_face0.jpg,0,0.9999996423721313,160,160
IMG20250117184414.heic_compressed.JPEG,IMG20250117184414.heic_compressed_face0.jpg,0,1.0,160,160
IMG20250117184434.heic_compressed.JPEG,IMG20250117184434.heic_compressed_face0.jpg,0,0.9999998807907104,160,160
IMG20250117184445.heic_compressed.JPEG,IMG20250117184445.heic_compressed_face0.jpg,0,0.9999997615814209,160,160
IMG20250122092440.heic_compressed.JPEG,IMG20250122092440.heic_compressed_face0.jpg,0,0.9999358654022217,160,160
IMG20250122092443.heic_compressed.JPEG,IMG20250122092443.heic_compressed_face0.jpg,0,0.9999781847000122,160,160
IMG20250123160244.heic_compressed.JPEG,IMG20250123160244.heic_compressed_face0.jpg,0,0.9998922348022461,160,160
IMG20250123160244.heic_compressed.JPEG,IMG20250123160244.heic_compressed_face1.jpg,1,0.999981164932251,160,160
IMG20250123160300.heic_compressed.JPEG,IMG20250123160300.heic_compressed_face0.jpg,0,0.9999996423721313,160,160
IMG20250123160300.heic_compressed.JPEG,IMG20250123160300.heic_compressed_face1.jpg,1,0.9999948740005493,160,160
IMG20250123160304.heic_compressed.JPEG,IMG20250123160304.heic_compressed_face0.jpg,0,0.960735559463501,160,160
IMG20250123160304.heic_compressed.JPEG,IMG20250123160304.heic_compressed_face1.jpg,1,0.9999920129776001,160,160
IMG20250123160304.heic_compressed.JPEG,IMG20250123160304.heic_compressed_face2.jpg,2,0.9999969005584717,160,160
IMG20250123160313.heic_compressed.JPEG,IMG20250123160313.heic_compressed_face0.jpg,0,0.9993185997009277,160,160
IMG20250123160313.heic_compressed.JPEG,IMG20250123160313.heic_compressed_face1.jpg,1,0.999976634979248,160,160
IMG20250123160313.heic_compressed.JPEG,IMG20250123160313.heic_compressed_face2.jpg,2,0.9959879517555237,160,160
IMG20250201104219.heic_compressed.JPEG,IMG20250201104219.heic_compressed_face0.jpg,0,0.999839186668396,160,160
IMG20250201104219.heic_compressed.JPEG,IMG20250201104219.heic_compressed_face1.jpg,1,0.9999983310699463,160,160
IMG20250201104219.heic_compressed.JPEG,IMG20250201104219.heic_compressed_face2.jpg,2,0.9999821186065674,160,160
IMG20250201104219.heic_compressed.JPEG,IMG20250201104219.heic_compressed_face3.jpg,3,0.9999996423721313,160,160
IMG20250201104219.heic_compressed.JPEG,IMG20250201104219.heic_compressed_face4.jpg,4,0.9999089241027832,160,160
IMG20250201104219.heic_compressed.JPEG,IMG20250201104219.heic_compressed_face5.jpg,5,0.9999970197677612,160,160
IMG20250201104219.heic_compressed.JPEG,IMG20250201104219.heic_compressed_face6.jpg,6,0.9958435893058777,160,160
IMG20250201104219.heic_compressed.JPEG,IMG20250201104219.heic_compressed_face7.jpg,7,0.9997434020042419,160,160
IMG20250201104502.heic_compressed.JPEG,IMG20250201104502.heic_compressed_face0.jpg,0,0.9997542500495911,160,160
IMG20250201104502.heic_compressed.JPEG,IMG20250201104502.heic_compressed_face1.jpg,1,1.0,160,160
IMG20250201104502.heic_compressed.JPEG,IMG20250201104502.heic_compressed_face2.jpg,2,0.9999992847442627,160,160
IMG20250201104502.heic_compressed.JPEG,IMG20250201104502.heic_compressed_face3.jpg,3,0.9840630292892456,160,160
IMG20250201105041.heic_compressed.JPEG,IMG20250201105041.heic_compressed_face0.jpg,0,1.0,160,160
IMG20250201105041.heic_compressed.JPEG,IMG20250201105041.heic_compressed_face1.jpg,1,0.9999120235443115,160,160
IMG20250201105041.heic_compressed.JPEG,IMG20250201105041.heic_compressed_face2.jpg,2,0.9999994039535522,160,160
IMG20250201105041.heic_compressed.JPEG,IMG20250201105041.heic_compressed_face3.jpg,3,0.9763884544372559,160,160
IMG20250201105041.heic_compressed.JPEG,IMG20250201105041.heic_compressed_face4.jpg,4,0.9971851706504822,160,160
IMG20250201105041.heic_compressed.JPEG,IMG20250201105041.heic_compressed_face5.jpg,5,0.9994957447052002,160,160
IMG20250201105041.heic_compressed.JPEG,IMG20250201105041.heic_compressed_face6.jpg,6,0.9671522974967957,160,160
IMG20250201105044.heic_compressed.JPEG,IMG20250201105044.heic_compressed_face0.jpg,0,0.9999992847442627,160,160
IMG20250201105044.heic_compressed.JPEG,IMG20250201105044.heic_compressed_face1.jpg,1,0.999970555305481,160,160
IMG20250201105044.heic_compressed.JPEG,IMG20250201105044.heic_compressed_face2.jpg,2,0.9999947547912598,160,160
IMG20250201105044.heic_compressed.JPEG,IMG20250201105044.heic_compressed_face3.jpg,3,0.9998582601547241,160,160
IMG20250201105044.heic_compressed.JPEG,IMG20250201105044.heic_compressed_face5.jpg,5,0.9798540472984314,160,160
IMG20250201105044.heic_compressed.JPEG,IMG20250201105044.heic_compressed_face6.jpg,6,0.9990589022636414,160,160
IMG20250201105044.heic_compressed.JPEG,IMG20250201105044.heic_compressed_face7.jpg,7,0.9953759908676147,160,160
IMG20250201105044.heic_compressed.JPEG,IMG20250201105044.heic_compressed_face8.jpg,8,0.9993427395820618,160,160
IMG20250201105044.heic_compressed.JPEG,IMG20250201105044.heic_compressed_face9.jpg,9,0.9692724347114563,160,160
IMG20250201105044.heic_compressed.JPEG,IMG20250201105044.heic_compressed_face11.jpg,11,0.9777474999427795,160,160
IMG20250201105044.heic_compressed.JPEG,IMG20250201105044.heic_compressed_face12.jpg,12,0.9841240048408508,160,160
IMG20250203170611.heic_compressed.JPEG,IMG20250203170611.heic_compressed_face0.jpg,0,0.9999997615814209,160,160
IMG20250203170636.heic_compressed.JPEG,IMG20250203170636.heic_compressed_face0.jpg,0,0.999995231628418,160,160
IMG20250206223546.heic_compressed.JPEG,IMG20250206223546.heic_compressed_face0.jpg,0,0.9999984502792358,160,160
IMG20250206223555.heic_compressed.JPEG,IMG20250206223555.heic_compressed_face0.jpg,0,0.9999983310699463,160,160
IMG20250206223557.heic_compressed.JPEG,IMG20250206223557.heic_compressed_face0.jpg,0,0.9998621940612793,160,160
IMG20250208113247.heic_compressed.JPEG,IMG20250208113247.heic_compressed_face0.jpg,0,1.0,160,160
IMG20250208113251.heic_compressed.JPEG,IMG20250208113251.heic_compressed_face0.jpg,0,0.999982476234436,160,160
IMG20250208113251.heic_compressed.JPEG,IMG20250208113251.heic_compressed_face2.jpg,2,0.9998701810836792,160,160
IMG20250208182024.heic_compressed.JPEG,IMG20250208182024.heic_compressed_face0.jpg,0,0.9999525547027588,160,160
IMG20250208182027.heic_compressed.JPEG,IMG20250208182027.heic_compressed_face0.jpg,0,0.9999922513961792,160,160
IMG20250209215430.heic_compressed.JPEG,IMG20250209215430.heic_compressed_face0.jpg,0,0.9999964237213135,160,160
IMG20250209231459_01.jpg_compressed.JPEG,IMG20250209231459_01.jpg_compressed_face0.jpg,0,0.9999942779541016,160,160
IMG20250214154123.heic_compressed.JPEG,IMG20250214154123.heic_compressed_face0.jpg,0,0.9977236390113831,160,160
IMG20250214154217.heic_compressed.JPEG,IMG20250214154217.heic_compressed_face0.jpg,0,0.9975681900978088,160,160
IMG20250214154217.heic_compressed.JPEG,IMG20250214154217.heic_compressed_face1.jpg,1,0.9999905824661255,160,160
IMG20250214154504_01.jpg_compressed.JPEG,IMG20250214154504_01.jpg_compressed_face0.jpg,0,0.9999998807907104,160,160
IMG20250214154514_01.jpg_compressed.JPEG,IMG20250214154514_01.jpg_compressed_face0.jpg,0,0.9999994039535522,160,160
IMG20250217120211.heic_compressed.JPEG,IMG20250217120211.heic_compressed_face0.jpg,0,0.9999855756759644,160,160
IMG20250217120211.heic_compressed.JPEG,IMG20250217120211.heic_compressed_face1.jpg,1,0.999104917049408,160,160
IMG20250217120211.heic_compressed.JPEG,IMG20250217120211.heic_compressed_face2.jpg,2,0.9868674278259277,160,160
IMG20250217120211.heic_compressed.JPEG,IMG20250217120211.heic_compressed_face3.jpg,3,0.9960615038871765,160,160
IMG20250217120737.heic_compressed.JPEG,IMG20250217120737.heic_compressed_face0.jpg,0,0.9999717473983765,160,160
IMG20250217120737.heic_compressed.JPEG,IMG20250217120737.heic_compressed_face1.jpg,1,0.9999960660934448,160,160
IMG20250217120737.heic_compressed.JPEG,IMG20250217120737.heic_compressed_face2.jpg,2,0.9998360872268677,160,160
IMG20250217120737.heic_compressed.JPEG,IMG20250217120737.heic_compressed_face3.jpg,3,0.9996312856674194,160,160
IMG20250217120737.heic_compressed.JPEG,IMG20250217120737.heic_compressed_face4.jpg,4,0.9653095006942749,160,160
IMG20250217120737.heic_compressed.JPEG,IMG20250217120737.heic_compressed_face5.jpg,5,0.9997501969337463,160,160
IMG20250217120737.heic_compressed.JPEG,IMG20250217120737.heic_compressed_face6.jpg,6,0.9882330298423767,160,160
IMG20250217120737.heic_compressed.JPEG,IMG20250217120737.heic_compressed_face7.jpg,7,0.999876856803894,160,160
IMG20250217120737.heic_compressed.JPEG,IMG20250217120737.heic_compressed_face8.jpg,8,0.999518871307373,160,160
IMG20250217120737.heic_compressed.JPEG,IMG20250217120737.heic_compressed_face10.jpg,10,0.9971369504928589,160,160
IMG20250217120737.heic_compressed.JPEG,IMG20250217120737.heic_compressed_face11.jpg,11,0.9979478716850281,160,160
IMG20250217120737.heic_compressed.JPEG,IMG20250217120737.heic_compressed_face12.jpg,12,0.9999126195907593,160,160
IMG20250217120738.heic_compressed.JPEG,IMG20250217120738.heic_compressed_face0.jpg,0,0.9998985528945923,160,160
IMG20250217120738.heic_compressed.JPEG,IMG20250217120738.heic_compressed_face1.jpg,1,0.9999955892562866,160,160
IMG20250217120738.heic_compressed.JPEG,IMG20250217120738.heic_compressed_face2.jpg,2,0.9998077750205994,160,160
IMG20250217120738.heic_compressed.JPEG,IMG20250217120738.heic_compressed_face3.jpg,3,0.9988417029380798,160,160
IMG20250217120738.heic_compressed.JPEG,IMG20250217120738.heic_compressed_face5.jpg,5,0.9999737739562988,160,160
IMG20250217120738.heic_compressed.JPEG,IMG20250217120738.heic_compressed_face7.jpg,7,0.9999932050704956,160,160
IMG20250217120738.heic_compressed.JPEG,IMG20250217120738.heic_compressed_face8.jpg,8,0.9998681545257568,160,160
IMG20250217120738.heic_compressed.JPEG,IMG20250217120738.heic_compressed_face9.jpg,9,0.9941149950027466,160,160
IMG20250217120738.heic_compressed.JPEG,IMG20250217120738.heic_compressed_face10.jpg,10,0.9977915287017822,160,160
IMG20250217120738.heic_compressed.JPEG,IMG20250217120738.heic_compressed_face11.jpg,11,0.9529945850372314,160,160
IMG20250217120738.heic_compressed.JPEG,IMG20250217120738.heic_compressed_face12.jpg,12,0.9991114735603333,160,160
IMG20250217120741.heic_compressed.JPEG,IMG20250217120741.heic_compressed_face0.jpg,0,0.999950647354126,160,160
IMG20250217120741.heic_compressed.JPEG,IMG20250217120741.heic_compressed_face1.jpg,1,0.9999912977218628,160,160
IMG20250217120741.heic_compressed.JPEG,IMG20250217120741.heic_compressed_face2.jpg,2,0.9997313618659973,160,160
IMG20250217120741.heic_compressed.JPEG,IMG20250217120741.heic_compressed_face3.jpg,3,0.9988137483596802,160,160
IMG20250217120741.heic_compressed.JPEG,IMG20250217120741.heic_compressed_face4.jpg,4,0.9998689889907837,160,160
IMG20250217120741.heic_compressed.JPEG,IMG20250217120741.heic_compressed_face5.jpg,5,0.9588654041290283,160,160
IMG20250217120741.heic_compressed.JPEG,IMG20250217120741.heic_compressed_face6.jpg,6,0.9991674423217773,160,160
IMG20250217120741.heic_compressed.JPEG,IMG20250217120741.heic_compressed_face7.jpg,7,0.9999887943267822,160,160
IMG20250217120741.heic_compressed.JPEG,IMG20250217120741.heic_compressed_face8.jpg,8,0.9996988773345947,160,160
IMG20250217120741.heic_compressed.JPEG,IMG20250217120741.heic_compressed_face9.jpg,9,0.9789406657218933,160,160
IMG20250217120741.heic_compressed.JPEG,IMG20250217120741.heic_compressed_face11.jpg,11,0.9666769504547119,160,160
IMG20250217120741.heic_compressed.JPEG,IMG20250217120741.heic_compressed_face12.jpg,12,0.9989172220230103,160,160
IMG20250217120742.heic_compressed.JPEG,IMG20250217120742.heic_compressed_face0.jpg,0,0.999841570854187,160,160
IMG20250217120742.heic_compressed.JPEG,IMG20250217120742.heic_compressed_face1.jpg,1,0.9999825954437256,160,160
IMG20250217120742.heic_compressed.JPEG,IMG20250217120742.heic_compressed_face2.jpg,2,0.9993448853492737,160,160
IMG20250217120742.heic_compressed.JPEG,IMG20250217120742.heic_compressed_face3.jpg,3,0.9999738931655884,160,160
IMG20250217120742.heic_compressed.JPEG,IMG20250217120742.heic_compressed_face5.jpg,5,0.9998719692230225,160,160
IMG20250217120742.heic_compressed.JPEG,IMG20250217120742.heic_compressed_face6.jpg,6,0.9997298121452332,160,160
IMG20250217120742.heic_compressed.JPEG,IMG20250217120742.heic_compressed_face7.jpg,7,0.9996966123580933,160,160
IMG20250217120742.heic_compressed.JPEG,IMG20250217120742.heic_compressed_face8.jpg,8,0.9969841837882996,160,160
IMG20250217120742.heic_compressed.JPEG,IMG20250217120742.heic_compressed_face11.jpg,11,0.9992803931236267,160,160
IMG20250220172033.heic_compressed.JPEG,IMG20250220172033.heic_compressed_face0.jpg,0,0.9999998807907104,160,160
IMG20250220172033.heic_compressed.JPEG,IMG20250220172033.heic_compressed_face1.jpg,1,0.9999996423721313,160,160
IMG20250220172033.heic_compressed.JPEG,IMG20250220172033.heic_compressed_face2.jpg,2,0.9999890327453613,160,160
IMG20250220172033.heic_compressed.JPEG,IMG20250220172033.heic_compressed_face3.jpg,3,0.9999992847442627,160,160
IMG20250220172033.heic_compressed.JPEG,IMG20250220172033.heic_compressed_face4.jpg,4,0.9999969005584717,160,160
IMG20250220172033.heic_compressed.JPEG,IMG20250220172033.heic_compressed_face5.jpg,5,0.9999562501907349,160,160
IMG20250220172033.heic_compressed.JPEG,IMG20250220172033.heic_compressed_face6.jpg,6,0.999769389629364,160,160
IMG20250220172033.heic_compressed.JPEG,IMG20250220172033.heic_compressed_face7.jpg,7,0.9999645948410034,160,160
IMG20250220172033.heic_compressed.JPEG,IMG20250220172033.heic_compressed_face8.jpg,8,0.9998095631599426,160,160
IMG20250220172033.heic_compressed.JPEG,IMG20250220172033.heic_compressed_face9.jpg,9,0.9999023675918579,160,160
IMG20250220172033.heic_compressed.JPEG,IMG20250220172033.heic_compressed_face10.jpg,10,0.9993507266044617,160,160
IMG20250220172033.heic_compressed.JPEG,IMG20250220172033.heic_compressed_face11.jpg,11,0.999981164932251,160,160
IMG20250220172033.heic_compressed.JPEG,IMG20250220172033.heic_compressed_face12.jpg,12,0.999634861946106,160,160
IMG20250220172033.heic_compressed.JPEG,IMG20250220172033.heic_compressed_face13.jpg,13,0.9991959929466248,160,160
IMG20250220172033.heic_compressed.JPEG,IMG20250220172033.heic_compressed_face14.jpg,14,0.9974722266197205,160,160
IMG20250220172033.heic_compressed.JPEG,IMG20250220172033.heic_compressed_face15.jpg,15,0.9555301666259766,160,160
IMG20250220172033.heic_compressed.JPEG,IMG20250220172033.heic_compressed_face16.jpg,16,0.9717316031455994,160,160
IMG20250220172033.heic_compressed.JPEG,IMG20250220172033.heic_compressed_face18.jpg,18,0.9962261915206909,160,160
IMG20250220172033.heic_compressed.JPEG,IMG20250220172033.heic_compressed_face19.jpg,19,0.9933395981788635,160,160
IMG20250220172035.heic_compressed.JPEG,IMG20250220172035.heic_compressed_face0.jpg,0,0.9999948740005493,160,160
IMG20250220172035.heic_compressed.JPEG,IMG20250220172035.heic_compressed_face1.jpg,1,0.9998650550842285,160,160
IMG20250220172035.heic_compressed.JPEG,IMG20250220172035.heic_compressed_face2.jpg,2,0.9995983242988586,160,160
IMG20250220172035.heic_compressed.JPEG,IMG20250220172035.heic_compressed_face4.jpg,4,0.9999990463256836,160,160
IMG20250220172035.heic_compressed.JPEG,IMG20250220172035.heic_compressed_face5.jpg,5,0.9999697208404541,160,160
IMG20250220172035.heic_compressed.JPEG,IMG20250220172035.heic_compressed_face6.jpg,6,0.9989901185035706,160,160
IMG20250220172035.heic_compressed.JPEG,IMG20250220172035.heic_compressed_face7.jpg,7,0.9987260699272156,160,160
IMG20250220172035.heic_compressed.JPEG,IMG20250220172035.heic_compressed_face8.jpg,8,0.9998518228530884,160,160
IMG20250220172035.heic_compressed.JPEG,IMG20250220172035.heic_compressed_face9.jpg,9,0.9910968542098999,160,160
IMG20250220172035.heic_compressed.JPEG,IMG20250220172035.heic_compressed_face10.jpg,10,0.9998083710670471,160,160
IMG20250220172035.heic_compressed.JPEG,IMG20250220172035.heic_compressed_face11.jpg,11,0.9999803304672241,160,160
IMG20250220172035.heic_compressed.JPEG,IMG20250220172035.heic_compressed_face12.jpg,12,0.9997839331626892,160,160
IMG20250220172035.heic_compressed.JPEG,IMG20250220172035.heic_compressed_face13.jpg,13,0.9996675252914429,160,160
IMG20250220172035.heic_compressed.JPEG,IMG20250220172035.heic_compressed_face14.jpg,14,0.9998989105224609,160,160
IMG20250220172035.heic_compressed.JPEG,IMG20250220172035.heic_compressed_face15.jpg,15,0.9977020621299744,160,160
IMG20250220172035.heic_compressed.JPEG,IMG20250220172035.heic_compressed_face17.jpg,17,0.9536859393119812,160,160
IMG20250220172035.heic_compressed.JPEG,IMG20250220172035.heic_compressed_face18.jpg,18,0.987966001033783,160,160
IMG20250220172035.heic_compressed.JPEG,IMG20250220172035.heic_compressed_face19.jpg,19,0.9979496598243713,160,160
IMG20250220182014.heic_compressed.JPEG,IMG20250220182014.heic_compressed_face0.jpg,0,0.9999781847000122,160,160
IMG20250220182014.heic_compressed.JPEG,IMG20250220182014.heic_compressed_face1.jpg,1,0.9999983310699463,160,160
IMG20250220182014.heic_compressed.JPEG,IMG20250220182014.heic_compressed_face2.jpg,2,0.9527534246444702,160,160
IMG20250220182014.heic_compressed.JPEG,IMG20250220182014.heic_compressed_face3.jpg,3,0.9696730971336365,160,160
IMG20250220182014.heic_compressed.JPEG,IMG20250220182014.heic_compressed_face5.jpg,5,0.9609377384185791,160,160
IMG20250220182022.heic_compressed.JPEG,IMG20250220182022.heic_compressed_face0.jpg,0,1.0,160,160
IMG20250220182022.heic_compressed.JPEG,IMG20250220182022.heic_compressed_face1.jpg,1,0.9999983310699463,160,160
IMG20250220182022.heic_compressed.JPEG,IMG20250220182022.heic_compressed_face2.jpg,2,0.9999951124191284,160,160
IMG20250220182022.heic_compressed.JPEG,IMG20250220182022.heic_compressed_face3.jpg,3,0.9999595880508423,160,160
IMG20250220182022.heic_compressed.JPEG,IMG20250220182022.heic_compressed_face4.jpg,4,0.9996508359909058,160,160
IMG20250220182022.heic_compressed.JPEG,IMG20250220182022.heic_compressed_face5.jpg,5,0.9999997615814209,160,160
IMG20250220182022.heic_compressed.JPEG,IMG20250220182022.heic_compressed_face6.jpg,6,0.9993610978126526,160,160
IMG20250220182022.heic_compressed.JPEG,IMG20250220182022.heic_compressed_face8.jpg,8,0.999997615814209,160,160
IMG20250220182022.heic_compressed.JPEG,IMG20250220182022.heic_compressed_face9.jpg,9,0.9982936978340149,160,160
IMG20250220182022.heic_compressed.JPEG,IMG20250220182022.heic_compressed_face10.jpg,10,0.9741622805595398,160,160
IMG20250220182022.heic_compressed.JPEG,IMG20250220182022.heic_compressed_face11.jpg,11,0.9996098875999451,160,160
IMG20250220182022.heic_compressed.JPEG,IMG20250220182022.heic_compressed_face13.jpg,13,0.9979913234710693,160,160
IMG20250220182024.heic_compressed.JPEG,IMG20250220182024.heic_compressed_face0.jpg,0,0.9999877214431763,160,160
IMG20250220182024.heic_compressed.JPEG,IMG20250220182024.heic_compressed_face1.jpg,1,0.9999817609786987,160,160
IMG20250220182024.heic_compressed.JPEG,IMG20250220182024.heic_compressed_face2.jpg,2,0.9999957084655762,160,160
IMG20250220182024.heic_compressed.JPEG,IMG20250220182024.heic_compressed_face3.jpg,3,0.9999954700469971,160,160
IMG20250220182024.heic_compressed.JPEG,IMG20250220182024.heic_compressed_face4.jpg,4,0.9998965263366699,160,160
IMG20250220182024.heic_compressed.JPEG,IMG20250220182024.heic_compressed_face6.jpg,6,0.9982669353485107,160,160
IMG20250220182024.heic_compressed.JPEG,IMG20250220182024.heic_compressed_face7.jpg,7,0.9999997615814209,160,160
IMG20250220182024.heic_compressed.JPEG,IMG20250220182024.heic_compressed_face8.jpg,8,0.9999910593032837,160,160
IMG20250220182024.heic_compressed.JPEG,IMG20250220182024.heic_compressed_face10.jpg,10,0.9579954743385315,160,160
IMG20250220182024.heic_compressed.JPEG,IMG20250220182024.heic_compressed_face11.jpg,11,0.9978799819946289,160,160
IMG20250220182024.heic_compressed.JPEG,IMG20250220182024.heic_compressed_face12.jpg,12,0.9992086291313171,160,160
IMG20250220182030.heic_compressed.JPEG,IMG20250220182030.heic_compressed_face0.jpg,0,0.9999997615814209,160,160
IMG20250220182030.heic_compressed.JPEG,IMG20250220182030.heic_compressed_face1.jpg,1,0.9999974966049194,160,160
IMG20250220182030.heic_compressed.JPEG,IMG20250220182030.heic_compressed_face2.jpg,2,0.9999998807907104,160,160
IMG20250220182030.heic_compressed.JPEG,IMG20250220182030.heic_compressed_face3.jpg,3,0.9999648332595825,160,160
IMG20250220182030.heic_compressed.JPEG,IMG20250220182030.heic_compressed_face4.jpg,4,0.9999933242797852,160,160
IMG20250220182030.heic_compressed.JPEG,IMG20250220182030.heic_compressed_face5.jpg,5,0.9981910586357117,160,160
IMG20250220182030.heic_compressed.JPEG,IMG20250220182030.heic_compressed_face7.jpg,7,0.9991463422775269,160,160
IMG20250220222507.heic_compressed.JPEG,IMG20250220222507.heic_compressed_face0.jpg,0,0.9998272061347961,160,160
IMG20250220222507.heic_compressed.JPEG,IMG20250220222507.heic_compressed_face1.jpg,1,0.9999985694885254,160,160
IMG20250221085301.heic_compressed.JPEG,IMG20250221085301.heic_compressed_face0.jpg,0,0.9999345541000366,160,160
IMG20250221182603.heic_compressed.JPEG,IMG20250221182603.heic_compressed_face0.jpg,0,0.9999997615814209,160,160
IMG20250221182603.heic_compressed.JPEG,IMG20250221182603.heic_compressed_face1.jpg,1,0.9999734163284302,160,160
IMG20250221182611.heic_compressed.JPEG,IMG20250221182611.heic_compressed_face0.jpg,0,0.9999889135360718,160,160
IMG20250221182611.heic_compressed.JPEG,IMG20250221182611.heic_compressed_face1.jpg,1,0.9523555636405945,160,160
IMG20250221182634.heic_compressed.JPEG,IMG20250221182634.heic_compressed_face0.jpg,0,0.9999632835388184,160,160
IMG20250225152813.heic_compressed.JPEG,IMG20250225152813.heic_compressed_face0.jpg,0,0.9999291896820068,160,160
IMG20250303183238.heic_compressed.JPEG,IMG20250303183238.heic_compressed_face0.jpg,0,0.9999998807907104,160,160
IMG20250307162130.heic_compressed.JPEG,IMG20250307162130.heic_compressed_face0.jpg,0,0.9999566078186035,160,160
IMG20250307162309.heic_compressed.JPEG,IMG20250307162309.heic_compressed_face0.jpg,0,0.9999624490737915,160,160
IMG20250307162639.heic_compressed.JPEG,IMG20250307162639.heic_compressed_face0.jpg,0,0.9986763596534729,160,160
IMG20250307163326.heic_compressed.JPEG,IMG20250307163326.heic_compressed_face0.jpg,0,0.9998362064361572,160,160
IMG20250314042042.heic_compressed.JPEG,IMG20250314042042.heic_compressed_face0.jpg,0,0.9999759197235107,160,160
IMG20250325160012.heic_compressed.JPEG,IMG20250325160012.heic_compressed_face0.jpg,0,0.9999998807907104,160,160
IMG20250325160012.heic_compressed.JPEG,IMG20250325160012.heic_compressed_face1.jpg,1,0.996116042137146,160,160
IMG20250325160012.heic_compressed.JPEG,IMG20250325160012.heic_compressed_face2.jpg,2,0.962968111038208,160,160
IMG20250409171348.heic_compressed.JPEG,IMG20250409171348.heic_compressed_face0.jpg,0,0.999988317489624,160,160
IMG20250409171354_01.heic_compressed.JPEG,IMG20250409171354_01.heic_compressed_face0.jpg,0,1.0,160,160
IMG20250409172931.heic_compressed.JPEG,IMG20250409172931.heic_compressed_face0.jpg,0,0.998672366142273,160,160
IMG20250425231130.heic_compressed.JPEG,IMG20250425231130.heic_compressed_face0.jpg,0,0.9999996423721313,160,160
IMG20250425231130.heic_compressed.JPEG,IMG20250425231130.heic_compressed_face1.jpg,1,0.9999561309814453,160,160
IMG20250429123637.heic_compressed.JPEG,IMG20250429123637.heic_compressed_face0.jpg,0,0.9999459981918335,160,160
IMG20250429123637.heic_compressed.JPEG,IMG20250429123637.heic_compressed_face1.jpg,1,0.998957633972168,160,160
IMG20250429123637.heic_compressed.JPEG,IMG20250429123637.heic_compressed_face2.jpg,2,0.9998781681060791,160,160
IMG20250429161725.heic_compressed.JPEG,IMG20250429161725.heic_compressed_face0.jpg,0,0.9999995231628418,160,160
IMG20250429161725.heic_compressed.JPEG,IMG20250429161725.heic_compressed_face1.jpg,1,0.9999992847442627,160,160
IMG20250429161725.heic_compressed.JPEG,IMG20250429161725.heic_compressed_face2.jpg,2,0.9999629259109497,160,160
IMG20250429161727.heic_compressed.JPEG,IMG20250429161727.heic_compressed_face0.jpg,0,0.9999967813491821,160,160
IMG20250429161727.heic_compressed.JPEG,IMG20250429161727.heic_compressed_face1.jpg,1,0.9999991655349731,160,160
IMG20250429161740.heic_compressed.JPEG,IMG20250429161740.heic_compressed_face0.jpg,0,0.9999690055847168,160,160
IMG20250429161823.heic_compressed.JPEG,IMG20250429161823.heic_compressed_face0.jpg,0,0.9999997615814209,160,160
IMG20250429161832_01.heic_compressed.JPEG,IMG20250429161832_01.heic_compressed_face0.jpg,0,0.999988317489624,160,160
IMG20250503192037.heic_compressed.JPEG,IMG20250503192037.heic_compressed_face0.jpg,0,0.9999997615814209,160,160
IMG20250511144632.heic_compressed.JPEG,IMG20250511144632.heic_compressed_face0.jpg,0,0.9999974966049194,160,160
IMG20250514202844.heic_compressed.JPEG,IMG20250514202844.heic_compressed_face0.jpg,0,0.9999871253967285,160,160
IMG20250603092342.heic_compressed.JPEG,IMG20250603092342.heic_compressed_face0.jpg,0,0.999993085861206,160,160
IMG20250609230337.heic_compressed.JPEG,IMG20250609230337.heic_compressed_face0.jpg,0,0.9999592304229736,160,160
IMG20250610060925.heic_compressed.JPEG,IMG20250610060925.heic_compressed_face0.jpg,0,0.999997615814209,160,160
IMG20250610191341.heic_compressed.JPEG,IMG20250610191341.heic_compressed_face0.jpg,0,1.0,160,160
IMG20250610191345.heic_compressed.JPEG,IMG20250610191345.heic_compressed_face0.jpg,0,0.999788224697113,160,160
IMG20250611192122.heic_compressed.JPEG,IMG20250611192122.heic_compressed_face0.jpg,0,0.9999996423721313,160,160
IMG20250611192122.heic_compressed.JPEG,IMG20250611192122.heic_compressed_face1.jpg,1,0.9977908134460449,160,160
IMG20250625070137.heic_compressed.JPEG,IMG20250625070137.heic_compressed_face0.jpg,0,1.0,160,160
IMG20250625070137.heic_compressed.JPEG,IMG20250625070137.heic_compressed_face1.jpg,1,0.996536374092102,160,160
IMG20250625070137.heic_compressed.JPEG,IMG20250625070137.heic_compressed_face2.jpg,2,0.9999831914901733,160,160
IMG20250625070137.heic_compressed.JPEG,IMG20250625070137.heic_compressed_face3.jpg,3,0.9999985694885254,160,160
IMG20250625070137.heic_compressed.JPEG,IMG20250625070137.heic_compressed_face4.jpg,4,0.9998453855514526,160,160
IMG20250625070137.heic_compressed.JPEG,IMG20250625070137.heic_compressed_face5.jpg,5,0.9993448853492737,160,160
IMG20250630143110.heic_compressed.JPEG,IMG20250630143110.heic_compressed_face0.jpg,0,0.9996639490127563,160,160
IMG20250630143114.heic_compressed.JPEG,IMG20250630143114.heic_compressed_face0.jpg,0,0.9999936819076538,160,160
IMG20250701200139.heic_compressed.JPEG,IMG20250701200139.heic_compressed_face0.jpg,0,0.9999778270721436,160,160
IMG20250705195405.heic_compressed.JPEG,IMG20250705195405.heic_compressed_face0.jpg,0,1.0,160,160
IMG20250705195416.heic_compressed.JPEG,IMG20250705195416.heic_compressed_face0.jpg,0,0.9999982118606567,160,160
IMG20250705211724.heic_compressed.JPEG,IMG20250705211724.heic_compressed_face0.jpg,0,0.9999161958694458,160,160
IMG20250705211734.heic_compressed.JPEG,IMG20250705211734.heic_compressed_face0.jpg,0,0.9999083280563354,160,160
IMG20250705211734.heic_compressed.JPEG,IMG20250705211734.heic_compressed_face1.jpg,1,0.9972978234291077,160,160
IMG20250705211736.heic_compressed.JPEG,IMG20250705211736.heic_compressed_face0.jpg,0,0.9983525276184082,160,160
IMG20250705211736.heic_compressed.JPEG,IMG20250705211736.heic_compressed_face1.jpg,1,0.9980018734931946,160,160
IMG20250811115515.heic_compressed.JPEG,IMG20250811115515.heic_compressed_face0.jpg,0,0.9999967813491821,160,160
IMG20250811115515.heic_compressed.JPEG,IMG20250811115515.heic_compressed_face1.jpg,1,0.9999243021011353,160,160
IMG20250811115515.heic_compressed.JPEG,IMG20250811115515.heic_compressed_face2.jpg,2,0.9999998807907104,160,160
IMG20250814141844.heic_compressed.JPEG,IMG20250814141844.heic_compressed_face0.jpg,0,1.0,160,160
IMG20250814141845.heic_compressed.JPEG,IMG20250814141845.heic_compressed_face0.jpg,0,0.9999816417694092,160,160
IMG20250816165559.heic_compressed.JPEG,IMG20250816165559.heic_compressed_face0.jpg,0,1.0,160,160
IMG20250816165613.heic_compressed.JPEG,IMG20250816165613.heic_compressed_face0.jpg,0,0.9999659061431885,160,160
IMG20250824211400.heic_compressed.JPEG,IMG20250824211400.heic_compressed_face0.jpg,0,0.9999979734420776,160,160
IMG20250824211402.heic_compressed.JPEG,IMG20250824211402.heic_compressed_face0.jpg,0,0.9999988079071045,160,160
IMG20250824211406.heic_compressed.JPEG,IMG20250824211406.heic_compressed_face0.jpg,0,0.9999998807907104,160,160
IMG20250826111924.heic_compressed.JPEG,IMG20250826111924.heic_compressed_face0.jpg,0,0.9999114274978638,160,160
IMG20250826111942.heic_compressed.JPEG,IMG20250826111942.heic_compressed_face0.jpg,0,0.9999995231628418,160,160
IMG20250826111945.heic_compressed.JPEG,IMG20250826111945.heic_compressed_face0.jpg,0,0.9999996423721313,160,160
IMG20250826112032.heic_compressed.JPEG,IMG20250826112032.heic_compressed_face0.jpg,0,0.9945158362388611,160,160
IMG20250826112032.heic_compressed.JPEG,IMG20250826112032.heic_compressed_face1.jpg,1,0.9999934434890747,160,160
IMG20250826112032.heic_compressed.JPEG,IMG20250826112032.heic_compressed_face2.jpg,2,0.9998906850814819,160,160
IMG20250904200906.heic_compressed.JPEG,IMG20250904200906.heic_compressed_face0.jpg,0,0.9999972581863403,160,160
IMG20250908181200.heic_compressed.JPEG,IMG20250908181200.heic_compressed_face0.jpg,0,0.9999998807907104,160,160
IMG20250908181206.heic_compressed.JPEG,IMG20250908181206.heic_compressed_face0.jpg,0,0.9999998807907104,160,160
IMG20250909135037.heic_compressed.JPEG,IMG20250909135037.heic_compressed_face0.jpg,0,0.9999891519546509,160,160
IMG20250909135037.heic_compressed.JPEG,IMG20250909135037.heic_compressed_face1.jpg,1,0.9997134804725647,160,160
IMG20250909135037.heic_compressed.JPEG,IMG20250909135037.heic_compressed_face2.jpg,2,0.9855542182922363,160,160
IMG20250909143528.heic_compressed.JPEG,IMG20250909143528.heic_compressed_face0.jpg,0,0.9999980926513672,160,160
IMG20250909143528.heic_compressed.JPEG,IMG20250909143528.heic_compressed_face1.jpg,1,0.9999823570251465,160,160
IMG20250912200931.heic_compressed.JPEG,IMG20250912200931.heic_compressed_face0.jpg,0,0.9999997615814209,160,160
IMG20250913183655.heic_compressed.JPEG,IMG20250913183655.heic_compressed_face0.jpg,0,0.999998927116394,160,160
IMG20250916130954.heic_compressed.JPEG,IMG20250916130954.heic_compressed_face0.jpg,0,0.9999991655349731,160,160
IMG20250916130954.heic_compressed.JPEG,IMG20250916130954.heic_compressed_face1.jpg,1,0.9855449795722961,160,160
IMG20250916130954.heic_compressed.JPEG,IMG20250916130954.heic_compressed_face2.jpg,2,0.9999682903289795,160,160
IMG20250916131145.heic_compressed.JPEG,IMG20250916131145.heic_compressed_face0.jpg,0,0.9998944997787476,160,160
IMG20250916131145.heic_compressed.JPEG,IMG20250916131145.heic_compressed_face1.jpg,1,0.9999489784240723,160,160
IMG20250916131219.heic_compressed.JPEG,IMG20250916131219.heic_compressed_face0.jpg,0,0.9999477863311768,160,160
IMG20250916131635.heic_compressed.JPEG,IMG20250916131635.heic_compressed_face0.jpg,0,0.9999485015869141,160,160
IMG20250916131636.heic_compressed.JPEG,IMG20250916131636.heic_compressed_face0.jpg,0,0.9998378753662109,160,160
IMG20250916155101.heic_compressed.JPEG,IMG20250916155101.heic_compressed_face0.jpg,0,0.9999995231628418,160,160
IMG20250922111753.heic_compressed.JPEG,IMG20250922111753.heic_compressed_face0.jpg,0,0.9999003410339355,160,160
IMG20250922111753.heic_compressed.JPEG,IMG20250922111753.heic_compressed_face1.jpg,1,0.9996860027313232,160,160
IMG20250926192017_BURST003_58898164.jpg_compressed.JPEG,IMG20250926192017_BURST003_58898164.jpg_compressed_face0.jpg,0,0.9999663829803467,160,160
IMG20250929163644.heic_compressed.JPEG,IMG20250929163644.heic_compressed_face0.jpg,0,0.9993106126785278,160,160
IMG20250929163644.heic_compressed.JPEG,IMG20250929163644.heic_compressed_face1.jpg,1,0.9984784722328186,160,160
IMG20251001132303.heic_compressed.JPEG,IMG20251001132303.heic_compressed_face0.jpg,0,0.9999998807907104,160,160
IMG20251007124012.heic_compressed.JPEG,IMG20251007124012.heic_compressed_face0.jpg,0,0.999713122844696,160,160
IMG20251007124020.heic_compressed.JPEG,IMG20251007124020.heic_compressed_face0.jpg,0,0.9999831914901733,160,160
IMG20251007124034.heic_compressed.JPEG,IMG20251007124034.heic_compressed_face0.jpg,0,0.9913741946220398,160,160
IMG20251007144418.heic_compressed.JPEG,IMG20251007144418.heic_compressed_face0.jpg,0,0.9997751116752625,160,160
IMG20251007144418.heic_compressed.JPEG,IMG20251007144418.heic_compressed_face1.jpg,1,0.9633842706680298,160,160
IMG20251007144423.heic_compressed.JPEG,IMG20251007144423.heic_compressed_face0.jpg,0,0.9999768733978271,160,160
IMG20251007144423.heic_compressed.JPEG,IMG20251007144423.heic_compressed_face1.jpg,1,0.9997133612632751,160,160
IMG20251010164108.heic_compressed.JPEG,IMG20251010164108.heic_compressed_face0.jpg,0,0.9999889135360718,160,160
IMG20251010164108.heic_compressed.JPEG,IMG20251010164108.heic_compressed_face1.jpg,1,0.9996305704116821,160,160
IMG20251010164113.heic_compressed.JPEG,IMG20251010164113.heic_compressed_face0.jpg,0,0.9999735355377197,160,160
IMG20251010164113.heic_compressed.JPEG,IMG20251010164113.heic_compressed_face1.jpg,1,0.9999788999557495,160,160
IMG20251010202929.heic_compressed.JPEG,IMG20251010202929.heic_compressed_face0.jpg,0,0.9999997615814209,160,160
IMG20251010202933.heic_compressed.JPEG,IMG20251010202933.heic_compressed_face0.jpg,0,0.9999721050262451,160,160
IMG20251010203045.heic_compressed.JPEG,IMG20251010203045.heic_compressed_face0.jpg,0,0.9999998807907104,160,160
IMG20251014134104.heic_compressed.JPEG,IMG20251014134104.heic_compressed_face0.jpg,0,0.9999960660934448,160,160
IMG20251014134104.heic_compressed.JPEG,IMG20251014134104.heic_compressed_face1.jpg,1,1.0,160,160
IMG20251014134104.heic_compressed.JPEG,IMG20251014134104.heic_compressed_face2.jpg,2,0.9994750618934631,160,160
IMG20251017142706.heic_compressed.JPEG,IMG20251017142706.heic_compressed_face0.jpg,0,0.9999921321868896,160,160
IMG20251017142706.heic_compressed.JPEG,IMG20251017142706.heic_compressed_face1.jpg,1,0.9788539409637451,160,160
IMG_20230912_121411.jpg_compressed.JPEG,IMG_20230912_121411.jpg_compressed_face0.jpg,0,0.9999847412109375,160,160
IMG_20230914_130948.jpg_compressed.JPEG,IMG_20230914_130948.jpg_compressed_face0.jpg,0,0.999797523021698,160,160
IMG_20231115_102846.jpg_compressed.JPEG,IMG_20231115_102846.jpg_compressed_face0.jpg,0,0.9999419450759888,160,160
IMG_20240509_150611.jpg_compressed.JPEG,IMG_20240509_150611.jpg_compressed_face0.jpg,0,0.9999996423721313,160,160
IMG_20250724_220630.jpg_compressed.JPEG,IMG_20250724_220630.jpg_compressed_face0.jpg,0,1.0,160,160
IMG_20250913_121950.jpg_compressed.JPEG,IMG_20250913_121950.jpg_compressed_face0.jpg,0,0.9999964237213135,160,160
IMG_20250915_002349.jpg_compressed.JPEG,IMG_20250915_002349.jpg_compressed_face0.jpg,0,0.9999996423721313,160,160
IMG_20250918_124609.jpg_compressed.JPEG,IMG_20250918_124609.jpg_compressed_face0.jpg,0,0.9999992847442627,160,160
IMG_20250926_201823.jpg_compressed.JPEG,IMG_20250926_201823.jpg_compressed_face0.jpg,0,0.9999992847442627,160,160
IMG_20250926_201823.jpg_compressed.JPEG,IMG_20250926_201823.jpg_compressed_face1.jpg,1,0.9999651908874512,160,160
IMG_20251011_205629.jpg_compressed.JPEG,IMG_20251011_205629.jpg_compressed_face0.jpg,0,0.9999969005584717,160,160
Screenshot_2024-05-13-15-21-31-15_92460851df6f172a4592fca41cc2d2e6.jpg_compressed.JPEG,Screenshot_2024-05-13-15-21-31-15_92460851df6f172a4592fca41cc2d2e6.jpg_compressed_face0.jpg,0,0.9994195699691772,160,160
Screenshot_2024-08-22-12-59-15-07_92460851df6f172a4592fca41cc2d2e6.jpg_compressed.JPEG,Screenshot_2024-08-22-12-59-15-07_92460851df6f172a4592fca41cc2d2e6.jpg_compressed_face0.jpg,0,0.9995744824409485,160,160
Screenshot_2025-10-25-14-13-58-71_364014fa1a3738cba48ec325bd2c9a11.jpg,Screenshot_2025-10-25-14-13-58-71_364014fa1a3738cba48ec325bd2c9a11_face0.jpg,0,0.9995138645172119,160,160
Screenshot_2025-10-25-14-14-12-36_364014fa1a3738cba48ec325bd2c9a11.jpg,Screenshot_2025-10-25-14-14-12-36_364014fa1a3738cba48ec325bd2c9a11_face0.jpg,0,0.9994099140167236,160,160
Screenshot_2025-10-25-14-14-25-16_364014fa1a3738cba48ec325bd2c9a11.jpg,Screenshot_2025-10-25-14-14-25-16_364014fa1a3738cba48ec325bd2c9a11_face0.jpg,0,0.9995593428611755,160,160
Screenshot_2025-10-25-14-14-25-16_364014fa1a3738cba48ec325bd2c9a11.jpg,Screenshot_2025-10-25-14-14-25-16_364014fa1a3738cba48ec325bd2c9a11_face1.jpg,1,0.9979425072669983,160,160
